Release,RunType,Feature,TestCaseID,FunctionName
Arlo+,daily,Regression,ft_acl_egress_fwd_src_ipv4,test_ft_acl_egress_ipv4
Arlo+,daily,Regression,ft_acl_ip_in_forward_port_channel,test_ft_acl_port_channel_ingress
Arlo+,daily,Regression,ft_acl_ipv6_in_forward_port_channel,test_ft_acl_port_channel_ingress
Arlo+,daily,Regression,ft_acl_rule_update_with_acl_loader_update_full,test_ft_acl_loader
Arlo+,daily,Regression,ft_acl_rule_update_with_acl_loader_update_increment,test_ft_acl_loader
Arlo+,daily,Regression,ft_acl_rule_upgrade,test_ft_acl_ingress_ipv4
Arlo+,daily,Regression,ft_acl_show_commands,test_ft_acl_ingress_ipv4
Arlo+,daily,Regression,ft_acl_v4_deny_all_after_forward_rule,test_ft_acl_egress_ipv4
Arlo+,daily,Regression,ft_acl_v4_eg_drop_dst_ip,test_ft_acl_egress_ipv4
Arlo+,daily,Regression,ft_acl_v4_eg_drop_src_ip,test_ft_acl_egress_ipv4
Arlo+,daily,Regression,ft_acl_v4_eg_drop_src_ip_and_dst_port,test_ft_acl_egress_ipv4
Arlo+,daily,Regression,ft_acl_v4_eg_fwd_dst_ip,test_ft_acl_egress_ipv4
Arlo+,daily,Regression,ft_acl_v4_eg_fwd_src_and_dst_ip,test_ft_acl_egress_ipv4
Arlo+,daily,Regression,ft_acl_v4_eg_fwd_src_ip,test_ft_acl_egress_ipv4
Arlo+,daily,Regression,ft_acl_v4_in_drop_dst_ip,test_ft_acl_ingress_ipv4
Arlo+,daily,Regression,ft_acl_v4_in_drop_dst_port_range,test_ft_acl_ingress_ipv4
Arlo+,daily,Regression,ft_acl_v4_in_drop_ip_proto_src_dst_ip,test_ft_acl_ingress_ipv4
Arlo+,daily,Regression,ft_acl_v4_in_drop_ip_proto_src_ip,test_ft_acl_ingress_ipv4
Arlo+,daily,Regression,ft_acl_v4_in_drop_src_ip,test_ft_acl_ingress_ipv4
Arlo+,daily,Regression,ft_acl_v4_in_drop_src_port,test_ft_acl_ingress_ipv4
Arlo+,daily,Regression,ft_acl_v4_in_drop_src_port_range,test_ft_acl_ingress_ipv4
Arlo+,daily,Regression,ft_acl_v4_in_fwd_dst_ip,test_ft_acl_ingress_ipv4
Arlo+,daily,Regression,ft_acl_v4_in_fwd_dst_port_range,test_ft_acl_ingress_ipv4
Arlo+,daily,Regression,ft_acl_v4_in_fwd_ip_proto_src_dst_ip,test_ft_acl_ingress_ipv4
Arlo+,daily,Regression,ft_acl_v4_in_fwd_ip_proto_src_dst_port,test_ft_acl_ingress_ipv4
Arlo+,daily,Regression,ft_acl_v4_in_fwd_ip_proto_src_ip,test_ft_acl_ingress_ipv4
Arlo+,daily,Regression,ft_acl_v4_in_fwd_ip_proto_src_port,test_ft_acl_ingress_ipv4
Arlo+,daily,Regression,ft_acl_v4_in_fwd_l4_dst_port,test_ft_acl_ingress_ipv4
Arlo+,daily,Regression,ft_acl_v4_in_fwd_l4_src_port,test_ft_acl_ingress_ipv4
Arlo+,daily,Regression,ft_acl_v4_in_fwd_src_and_dst_ip,test_ft_acl_ingress_ipv4
Arlo+,daily,Regression,ft_acl_v4_in_fwd_src_ip,test_ft_acl_ingress_ipv4
Arlo+,daily,Regression,ft_acl_v4_in_fwd_src_port_range,test_ft_acl_ingress_ipv4
Arlo+,daily,Regression,ft_acl_v4_in_fwd_vlan_l4_dst_port_ip_proto,test_ft_acl_ingress_ipv4
Arlo+,daily,Regression,ft_acl_v4_ing_drop_dst_port,test_ft_acl_ingress_ipv4
Arlo+,daily,Regression,ft_acl_v4_ingress_create,test_ft_acl_ingress_ipv4
Arlo+,daily,Regression,ft_acl_v4_ingress_drop_ip_protocol_dst_ip,test_ft_acl_ingress_ipv4
Arlo+,daily,Regression,ft_acl_v4_ingress_drop_ip_protocol_src_port,test_ft_acl_ingress_ipv4
Arlo+,daily,Regression,ft_acl_v4_ingress_forward_ip_protocol_dst_ip,test_ft_acl_ingress_ipv4
Arlo+,daily,Regression,ft_acl_v6_eg_drop_dst_ip,test_ft_acl_egress_ipv6
Arlo+,daily,Regression,ft_acl_v6_eg_drop_src_ip,test_ft_acl_egress_ipv6
Arlo+,daily,Regression,ft_acl_v6_eg_fwd_dst_ip,test_ft_acl_egress_ipv6
Arlo+,daily,Regression,ft_acl_v6_eg_fwd_src_dst_ip,test_ft_acl_egress_ipv6
Arlo+,daily,Regression,ft_acl_v6_eg_fwd_src_ip,test_ft_acl_egress_ipv6
Arlo+,daily,Regression,ft_acl_v6_in_create,test_ft_acl_egress_ipv6
Arlo+,daily,Regression,ft_acl_v6_in_drop_dst_ip,test_ft_acl_ingress_ipv6
Arlo+,daily,Regression,ft_acl_v6_in_drop_src_ip,test_ft_acl_ingress_ipv6
Arlo+,daily,Regression,ft_acl_v6_in_fwd_dst_ip,test_ft_acl_ingress_ipv6
Arlo+,daily,Regression,ft_acl_v6_in_fwd_dstip_ip_protocol,test_ft_acl_ingress_ipv6
Arlo+,daily,Regression,ft_acl_v6_in_fwd_src_dst_ip,test_ft_acl_ingress_ipv6
Arlo+,daily,Regression,ft_acl_v6_in_fwd_src_ip,test_ft_acl_ingress_ipv6
Arlo+,daily,Regression,ft_acl_v6_in_fwd_srcip_ip_protocol,test_ft_acl_ingress_ipv6
Arlo+,daily,Regression,ft_acl_v6_ing_drop_ip_proto_src_dst_ip,test_ft_acl_ingress_ipv6
Arlo+,daily,Regression,ft_acl_v6_ing_fwd_eth_type,test_ft_acl_ingress_ipv6
Arlo+,daily,Regression,ft_acl_v6_ing_fwd_ip_proto_src_dst_ip,test_ft_acl_ingress_ipv6
Arlo+,daily,Regression,ft_acl_v6_ingress_drop_eth_type,test_ft_acl_ingress_ipv6
Arlo+,daily,Regression,ft_acl_v6_ingress_drop_ip_protocol,test_ft_acl_ingress_ipv6
Arlo+,daily,Regression,ft_acl_v6_ingress_drop_ip_protocol_dst_port,test_ft_acl_ingress_ipv6
Arlo+,daily,Regression,ft_acl_v6_ingress_drop_src_ip_ip_protocol,test_ft_acl_ingress_ipv6
Arlo+,daily,Regression,ft_acl_v6_ingress_drop_tcp_flags,test_ft_acl_ingress_ipv6
Arlo+,daily,Regression,ft_acl_v6_ingress_fwd_tcp_flags,test_ft_acl_ingress_ipv6
Arlo+,daily,Regression,ft_acl_v6_rule_update_full,test_ft_acl_ingress_ipv4
Arlo+,daily,Regression,ft_aclshow,test_ft_acl_ingress_ipv4
Arlo+,daily,Regression,ft_ipv4_acl_in_srcip_dstip_port_redirect,test_ft_acl_ingress_ipv4
Arlo+,daily,Regression,ft_ipv4_acl_in_srcip_dstport_redirect,test_ft_acl_ingress_ipv4
Arlo+,daily,Regression,ipv4acl_ingress_l4srcport_range_l4dstport_range_forward,test_ft_acl_ingress_ipv4
Arlo+,daily,Regression,ipv4acl_ingress_srcip_ipprotocol_forward,test_ft_acl_ingress_ipv4
Arlo+,daily,Regression,ipv4acl_ingress_srcip_l4dst_port_drop,test_ft_acl_ingress_ipv4
Arlo+,daily,Regression,ipv4acl_ingress_dstip_l4dstport_range_forward,test_ft_acl_ingress_ipv4
Arlo+,daily,Regression,FtOpSoQosAclFn097,test_ft_acl_ingress_ipv4
Arlo+,daily,Regression,ipv6acl_ingress_tcpflags_forward,test_ft_acl_ingress_ipv6
Arlo+,daily,Regression,ipv6acl_ingress_tcpflags_drop,test_ft_acl_ingress_ipv6
Arlo+,daily,Regression,ipv4acl_ingress_tcpflas_drop,test_ft_acl_ingress_ipv4
Arlo+,daily,Regression,FtOpSoQosAclFn102,test_ft_acl_port_channel_V4_ingress
Arlo+,daily,Regression,FtOpSoQosAclFn103,test_ft_acl_port_channel_V4_ingress
Arlo+,daily,Regression,FtOpSoQosAclFn104,test_ft_acl_port_channel_V4_ingress
Arlo+,daily,Regression,FtOpSoQosAclFn105,test_ft_acl_port_channel_ingress
Arlo+,daily,Regression,FtOpSoQosAclFn106,test_ft_acl_port_channel_ingress
Arlo+,daily,Regression,ipv4acl_ingress_ip_protocol,test_ft_acl_ingress_ipv4
Arlo+,daily,Regression,ipv4acl_ingress_l4ports_forward,test_ft_acl_ingress_ipv4
Arlo+,daily,Regression,ipv4acl_ingress_srcip_dstip_drop,test_ft_acl_ingress_ipv4
Arlo+,daily,Regression,ipv4acl_ingress_srcip_dstip_forward,test_ft_acl_ingress_ipv4
Arlo+,daily,Regression,ipv4acl_ingress_srcip_dstip_redirect,test_ft_acl_ingress_ipv4
Arlo+,daily,Regression,ipv6acl_ingress_ip_protocol,test_ft_acl_ingress_ipv6
Arlo+,daily,Regression,ipv6acl_ingress_srcip_dstip_drop,test_ft_acl_ingress_ipv6
Arlo+,daily,Regression,ipv6acl_ingress_srcip_dstip_forward,test_ft_acl_ingress_ipv6
Arlo+,daily,Regression,ft_v4_v6_queue,test_ft_cos_cpu_counters
Arlo+,daily,Regression,ft_cos_routing,test_ft_cos_cpu_counters
Arlo+,daily,Regression,ft_cos_switching,test_ft_cos_cpu_counters
Arlo+,daily,Regression,ft_arp_clear_cache_static_and_dynamic_entries,test_ft_arp_clear_cache_static_and_dynamic_entries
Arlo+,daily,Regression,ft_arp_dynamic,test_ft_arp_clear_cache_static_and_dynamic_entries
Arlo+,daily,Regression,ft_arp_dynamic_renew_traffic_test,test_ft_arp_dynamic_renew_traffic_test
Arlo+,daily,Regression,ft_arp_entry_link_failure,test_ft_arp_entry_link_failure
Arlo+,daily,Regression,ft_arp_static,test_ft_arp_clear_cache_static_and_dynamic_entries
Arlo+,daily,Regression,ft_bgp_v6peer_auth_simple,TestBGPRif.test_ft_bgp_clear
Arlo+,daily,Regression,ft_bgp_v6peer_sonic_clear,TestBGPRif.test_ft_bgp_clear
Arlo+,daily,Regression,ft_bgp_v6peer_vtysh_clear,TestBGPRif.test_ft_bgp_clear
Arlo+,daily,Regression,ft_bgp_sonic_show_summary_neigh,TestBGPRif.test_ft_bgp_clear
Arlo+,daily,Regression,ft_bgp_v4peer_asn4,TestBGPRif.test_ft_bgp_clear
Arlo+,daily,Regression,ft_bgp_v4peer_auth_simple,TestBGPRif.test_ft_bgp_clear
Arlo+,daily,Regression,ft_bgp_v4peer_sonic_clear,TestBGPRif.test_ft_bgp_clear
Arlo+,daily,Regression,ft_bgp_v4peer_vtysh_clear,TestBGPRif.test_ft_bgp_clear
Arlo+,daily,Regression,ft_ip6_connected_host_traffic_forward,test_ft_ip6_static_route_traffic_forward_blackhole
Arlo+,daily,Regression,ft_ip_static_route_traffic_forward,test_ft_ip_static_route_traffic_forward
Arlo+,daily,Regression,ft_tacacs_enable_disable_failthrough,test_ft_tacacs_enable_disable_failthrough
Arlo+,daily,Regression,ft_tacacs_failthrough_with_multiple_servers,test_ft_tacacs_enable_disable_failthrough
Arlo+,daily,Regression,ft_tacacs_modify_server_parameters,test_ft_tacacs_modify_server_parameters
Arlo+,daily,Regression,ft_tacacs_nondefault_global_key_timeout,test_ft_tacacs_modify_server_parameters
Arlo+,daily,Regression,ft_tacacs_ssh_login_highest_priorityserver,test_ft_tacacs_ssh_login_highest_priorityserver
Arlo+,daily,Regression,ft_tacacs_ssh_login_with_nondefaultpriority_servers,test_ft_tacacs_ssh_login_highest_priorityserver
Arlo+,daily,Regression,ft_ipv4_bgp_ibgp_ebgp_traffic,TestBGPRif.test_ft_bgp_peer_traffic_check
Arlo+,daily,Regression,tacacs_key_config_with_special_characters,test_ft_tacacs_maximum_servers
Arlo+,daily,Regression,fallback_mode_on_portchannel,test_ft_portchannel_fallback_traffic
Arlo+,daily,Regression,traffic_on_portchannel_up_with_fallback,test_ft_portchannel_fallback_traffic
Arlo+,daily,Regression,l3_fwding ,test_l3_fwding
Arlo+,daily,Regression,base_line_multiple_portchannel_create_delete,test_base_line_portchannel_create_delete
Arlo+,daily,Regression,base_line_random_link_flap_portchannel,test_base_line_random_link_flap_portchannel
Arlo+,daily,Regression,po_ft_lag_down_when_not_created_in_another_DUT,test_ft_portchannel_fallback_traffic
Arlo+,daily,Regression,ft_lag_l2_hash_smac_dmac_vlan,test_ft_portchannel_behavior_with_tagged_traffic
Arlo+,daily,Regression,ft_lag_l3_hash_sip_dip_l4port,test_ft_lag_l3_hash_sip_dip_l4port
Arlo+,daily,Regression,ft_lag_member_remove_add,test_ft_portchannel_behavior_with_tagged_traffic
Arlo+,daily,Regression,ft_lag_remove_vlan,test_ft_portchannel_behavior_with_tagged_traffic
Arlo+,daily,Regression,ft_lag_withone_member,test_ft_portchannel_behavior_with_tagged_traffic
Arlo+,daily,Regression,ft_portchannel_del_members,test_ft_portchannel_behavior_with_tagged_traffic
Arlo+,daily,Regression,FtOpSoSwLagFn021,test_base_line_random_link_flap_portchannel
Arlo+,daily,Regression,traffic_loss_when_portchannel_member_removed_and_added,test_ft_portchannel_behavior_with_tagged_traffic
Arlo+,daily,Regression,portchannel_status_when_all_members_are_shutdown,test_ft_portchannel_behavior_with_tagged_traffic
Arlo+,daily,Regression,shutdown_on_portchannel_member,test_ft_portchannel_behavior_with_tagged_traffic
Arlo+,daily,Regression,tagged_traffic_on_portchannel,test_ft_portchannel_behavior_with_tagged_traffic
Arlo+,daily,Regression,traffic_distribution_on_new_portchannel_member,test_ft_portchannel_behavior_with_tagged_traffic
Arlo+,daily,Regression,traffic_on_disabled_portchannel,test_ft_portchannel_behavior_with_tagged_traffic
Arlo+,daily,Regression,untagged_traffic_on_portchannel,test_ft_untagged_traffic_on_portchannel
Arlo+,daily,Regression,ft_lldp_interaction_with_lag,test_ft_portchannel_behavior_with_tagged_traffic
Arlo+,daily,Regression,ft_lldp_ConfigManAddrEntry,test_ft_lldp_ConfigManAddrEntry
Arlo+,daily,Regression,ft_lldp_lldplocportid,test_ft_lldp_lldplocportid
Arlo+,daily,Regression,ft_lldp_lldplocsysdesc,test_ft_lldp_lldplocsysdesc
Arlo+,daily,Regression,ft_lldp_lldplocsysname,test_ft_lldp_lldplocsysname
Arlo+,daily,Regression,ft_lldp_LocManAddrEntry,test_ft_lldp_LocManAddrEntry
Arlo+,daily,Regression,ft_lldp_LocManAddrLen,test_ft_lldp_LocManAddrLen
Arlo+,daily,Regression,ft_lldp_LocManAddrlfld,test_ft_lldp_LocManAddrlfld
Arlo+,daily,Regression,ft_lldp_LocManAddrOID,test_ft_lldp_LocManAddrOID
Arlo+,daily,Regression,ft_port_frame_fwd_diff_mtu,test_ft_port_frame_fwd_diff_mtu
Arlo+,daily,Regression,base_line_port_move_from_vlan_a_to_vlan_b,test_base_line_port_move_from_vlan_a_to_vlan_b
Arlo+,daily,Regression,base_line_vlan_port_association,test_base_line_vlan_port_association
Arlo+,daily,Regression,ft_add_unknownvlan_interface,test_ft_add_unknownvlan_interface
Arlo+,daily,Regression,ft_show_vlan_brief,test_ft_vlan_trunk_tagged
Arlo+,daily,Regression,ft_vlan_delete_with_member,test_ft_vlan_delete_with_member
Arlo+,daily,Regression,ft_vlan_trunk_tagged,test_ft_vlan_trunk_tagged
Arlo+,long,Regression,mirror_action_config_upload,test_ft_system_config_mgmt_verifying_config_with_save_reboot
Arlo+,daily,Regression,ft_mirror_action_ip_addr,test_ft_erspan_action_ip_protocol_ip_addr_l4_ports
Arlo+,daily,Regression,mirror_action_encapsulation,test_ft_erspan_action_encapsulation
Arlo+,daily,Regression,mirror_action_l4_ports,test_ft_erspan_action_ip_protocol_ip_addr_l4_ports
Arlo+,daily,Regression,mirror_action_ip_addr,test_ft_erspan_action_ip_protocol_ip_addr_l4_ports
Arlo+,daily,Regression,ft_ping_vlan ,test_ft_ping_v4_v6_vlan
Arlo+,daily,Regression,mirror_action_ether_type,test_ft_erspan_action_ethertype_dscp_tcp_flags_l4range
Arlo+,daily,Regression,mirror_action_tcp_flags,test_ft_erspan_action_ethertype_dscp_tcp_flags_l4range
Arlo+,daily,Regression,mirror_action_dscp,test_ft_erspan_action_ethertype_dscp_tcp_flags_l4range
Arlo+,daily,Regression,base_line_l2_taggged_forwarding_with_portchannel,test_base_line_l2_taggged_forwarding_with_portchannel
Arlo+,daily,Regression,base_line_mac_move_single_vlan,test_base_line_mac_move_single_vlan
Arlo+,daily,Regression,ft_port_mtu_change_verify,test_ft_port_frame_fwd_diff_mtu
Arlo+,daily,Regression,ft_ntp_disable_ntp_enable_ntp,test_ft_ntp_disable_enable_with_message_log
Arlo+,daily,Regression,ft_ntp_message_log_display_with_correct_time,test_ft_ntp_disable_enable_with_message_log
Arlo+,daily,Regression,ft_ssh_add_user_verify,test_ft_ssh_add_user_verify
Arlo+,daily,Regression,ft_ssh_service_disable,test_ft_ssh_service_disable
Arlo+,daily,Regression,ft_port_fec_nofec,test_ft_port_fec_nofec
Arlo+,daily,Regression,ft_specific_port_shutdown,test_ft_port_frame_fwd_diff_mtu
Arlo+,daily,Regression,FtOpSoSwLagFn041,test_ft_portchannel_with_vlan_variations
Arlo+,daily,Regression,FtOpSoSwLagFn042,test_ft_portchannel_with_vlan_variations
Arlo+,daily,Regression,ft_snmp_sysDescr,test_ft_snmp_sysDescr
Arlo+,daily,Regression,ft_snmp_sysLocation,test_ft_snmp_sysLocation
Arlo+,daily,Regression,ft_snmp_sysName,test_ft_snmp_sysName
Arlo+,daily,Regression,ft_snmp_test_syUpTime,test_ft_snmp_test_syUpTime
Arlo+,daily,Regression,base_line_portchannel_create_delete,test_base_line_portchannel_create_delete
Arlo+,daily,Regression,base_line_vlan_create_delete_and_mac_learning_with_bum,test_base_line_vlan_create_delete_and_mac_learning_with_bum
Arlo+,daily,Regression,l2_to_l3_port,test_l2_to_l3_port
Arlo+,daily,Regression,ft_ipv6_neighbor_entry,test_ft_ipv6_neighbor_entry
Arlo+,daily,Regression,ft_acl_v6_eg_redirect_sip_dip_routingports,test_ft_acl_egress_ipv6
Arlo+,daily,Regression,ft_acl_v6_eg_redirect_srcip_dstip,test_ft_acl_egress_ipv6
Arlo+,daily,Regression,mirror_action_ip_addr_l4_ports,test_ft_erspan_action_ip_protocol_ip_addr_l4_ports
Arlo+,daily,Regression,test_mirror_action_l4_port_range,test_ft_erspan_action_ethertype_dscp_tcp_flags_l4range
Arlo+,daily,Regression,ft_ip6_static_route_traffic_fwd_blackhole ,test_ft_ip6_static_route_traffic_forward_blackhole
Arlo+,daily,Regression,ft_ipv6_address_check ,test_ft_ping_v4_v6_vlan
Arlo+,daily,Regression,mirror_action_ip_protocol_src_ip,test_ft_erspan_action_ip_protocol_ip_addr_l4_ports
Arlo+,daily,Regression,ft_ipv4_address_check ,test_ft_ping_v4_v6_vlan
Arlo+,daily,Regression,base_line_mac_move_across_vlans,test_base_line_mac_move_across_vlans
Arlo+,daily,Regression,ft_snmp_sysContact,test_ft_snmp_sysContact
Arlo+,daily,Regression,auth_shared_keys ,test_ft_tacacs_ssh_login_with_tacacs_operations
Arlo+,daily,Regression,portchannel_member_vlan_participation,test_ft_portchannel_behavior_with_tagged_traffic
Arlo+,daily,Regression,executing_server_key_in_appropriate_mode,test_ft_tacacs_ssh_login_with_tacacs_operations
Arlo+,daily,Regression,ft_system_uptime,test_ft_system_uptime
Arlo+,daily,Regression,ft_ping_after_ip_change,test_ft_ping__v4_v6_after_ip_change_pc
Arlo+,daily,Regression,ft_ping6_after_ip_change,test_ft_ping__v4_v6_after_ip_change_pc
Arlo+,daily,Regression,ft_ip6_address_check_pc,test_ft_ping__v4_v6_after_ip_change_pc
Arlo+,daily,Regression,ft_ip_L2_L3_translation,test_ft_ip_v4_v6_L2_L3_translation
Arlo+,daily,Regression,ft_ip6_L2_L3_translation,test_ft_ip_v4_v6_L2_L3_translation
Arlo+,daily,Regression,ft_ip6_static_route_traffic_forward ,test_ft_ip6_static_route_traffic_forward_blackhole
Arlo+,daily,Regression,ft_tacacs_default_login,test_ft_tacacs_ssh_login_with_tacacs_operations
Arlo+,daily,Regression,ft_tacacs_add_multiple_servers,test_ft_tacacs_maximum_servers
Arlo+,daily,Regression,ft_tacacs_single_server_for_auth,test_ft_tacacs_ssh_login_with_tacacs_operations
Arlo+,daily,Regression,ft_tacacs_ssh_login,test_ft_tacacs_ssh_login_with_tacacs_operations
Arlo+,daily,Regression,ft_tacacs_maximum_ipv4_servers ,test_ft_tacacs_maximum_servers
Arlo+,daily,Regression,ft_port_speed_fn  ,test_ft_port_frame_fwd_diff_mtu
Arlo+,daily,Regression,ft_port_traffic_fn,test_ft_port_frame_fwd_diff_mtu
Arlo+,daily,Regression,ft_tacacs_nondefault_timeout,test_ft_tacacs_modify_server_parameters
Arlo+,daily,Regression,ft_tacacs_remove_highpriority_server,test_ft_tacacs_ssh_login_highest_priorityserver
Arlo+,daily,Regression,ft_tacacsauth_enable_pamfile_created,test_ft_tacacs_ssh_login_with_tacacs_operations
Arlo+,daily,Regression,ft_port_config_mtu,test_ft_port_frame_fwd_diff_mtu
Arlo+,daily,Regression,ft_port_save_reload,test_ft_port_frame_fwd_diff_mtu
Arlo+,daily,Regression,ft_port_fn_config_checking,test_ft_port_frame_fwd_diff_mtu
Arlo+,daily,Regression,ft_port_check,test_ft_port_frame_fwd_diff_mtu
Arlo+,daily,Regression,ft_vlan_based_arp_entry_link_failure,test_ft_arp_entry_link_failure
Arlo+,daily,Regression,ft_ip_address_check_pc,test_ft_ping__v4_v6_after_ip_change_pc
Arlo+,daily,Regression,ft_mirror_action_encapsulation,test_ft_erspan_action_encapsulation
Arlo+,daily,Regression,FtOpSoSySnFn008,test_ft_snmp_mib_2
Arlo+,daily,Regression,FtOpSoSySnFn009,test_ft_snmp_if_mib_all
Arlo+,daily,Regression,FtOpSoSySnFn010,test_ft_snmp_entity_mib_all
Arlo+,daily,Regression,FtOpSoSySnFn011,test_ft_snmp_entity_sensor_mib
Arlo+,daily,Regression,FtOpSoSySnFn012,test_ft_snmp_dot1q_dot1db_mib
Arlo+,daily,Regression,FtOpSoSySnFn013,test_ft_snmp_dot1q_dot1db_mib
Arlo+,daily,Regression,FtOpSoSySnFn015,test_ft_snmp_root_node_walk
Arlo+,daily,Regression,ft_in_acl_v6_src_dst_ip_fwd_port_channel,test_ft_acl_port_channel_ingress
Arlo+,daily,Regression,ft_in_acl_v6_src_dst_ip_protocol_fwd_port_channel,test_ft_acl_port_channel_ingress
Arlo+,daily,Regression,ft_in_acl_v6_src_dst_port_drop_port_channel,test_ft_acl_port_channel_ingress
Arlo+,daily,Regression,ft_in_acl_v6_src_dst_port_fwd_port_channel,test_ft_acl_port_channel_ingress
Arlo+,daily,Regression,ft_in_acl_v6_src_dst_port_range_fwd_port_channel,test_ft_acl_port_channel_ingress
Arlo+,daily,Regression,ft_in_acl_v6_src_ip_dst_port_drop_port_channel,test_ft_acl_port_channel_ingress
Arlo+,daily,Regression,ft_in_acl_v6_src_port_dst_port_range_drop_port_channel,test_ft_acl_port_channel_ingress
Arlo+,daily,Regression,ft_in_acl_v6_src_tcpflags_drop_port_channel,test_ft_acl_port_channel_ingress
Arlo+,daily,Regression,ft_in_acl_v4_src_dst_ip_drop_port_channel,test_ft_acl_port_channel_V4_ingress
Arlo+,daily,Regression,ft_in_acl_v4_src_dst_ip_fwd_port_channel,test_ft_acl_port_channel_V4_ingress
Arlo+,daily,Regression,ft_in_acl_v4_src_dst_ip_src_port_fwd_port_channel,test_ft_acl_port_channel_V4_ingress
Arlo+,daily,Regression,ft_in_acl_v4_src_dst_port_drop_port_channel,test_ft_acl_port_channel_V4_ingress
Arlo+,daily,Regression,ft_in_acl_v4_src_dst_port_range_drop_port_channel,test_ft_acl_port_channel_V4_ingress
Arlo+,daily,Regression,ft_in_acl_v4_src_dst_port_range_fwd_port_channel,test_ft_acl_port_channel_V4_ingress
Arlo+,daily,Regression,ft_in_acl_v4_src_tcpflags_drop_port_channel,test_ft_acl_port_channel_V4_ingress
Arlo+,long,Regression,ft_sytem_bootup_logging_debug,test_ft_sytem_bootup_logging_debug
Arlo+,long,Regression,ft_sys_hard_reboot_multiple_iter,test_ft_sys_hard_reboot_multiple_iter
Arlo+,long,Regression,ft_sys_soft_reboot_multiple_iter,test_ft_sys_soft_reboot_multiple_iter
Arlo+,long,Regression,ft_sys_show_reboot_cause,test_ft_sys_hard_reboot_multiple_iter
Arlo+,long,Regression,FtFpSoQoSCoSCfg001,test_ft_qos_config_mgmt_verifying_config_with_save_reboot
Arlo+,long,Regression,FtOpSoQosAclCmFn002,test_ft_qos_config_mgmt_verifying_config_with_save_reboot
Arlo+,long,Regression,ft_ecn_config_db_to_running_config_after_save_and_reload,test_ft_qos_config_mgmt_verifying_config_with_save_reboot
Arlo+,long,Regression,ft_ecn_config_to_config_db_json_after_save_and_reboot,test_ft_qos_config_mgmt_verifying_config_with_save_reboot
Arlo+,long,Regression,FtOpSoQosEcnCfg001,test_ft_qos_config_mgmt_verifying_config_with_save_reboot
Arlo+,long,Regression,FtOpSoQosWredCfg001,test_ft_qos_config_mgmt_verifying_config_with_save_reboot
Arlo+,long,Regression,FtOpSoQosAclCmFn001,test_ft_qos_config_mgmt_verifying_config_with_save_reboot
Arlo+,long,Regression,ft_acl_configvalues_save_reload,test_ft_qos_config_mgmt_verifying_config_with_save_reboot
Arlo+,daily,Regression,FtOpSoSyInIpFn002,test_ft_port_fn_verify_shut_noshut
Arlo+,daily,Regression,ft_ipv4_acl_loader_add,test_ft_acl_loader
Arlo+,daily,Regression,FtOpSoSySnFn017,test_ft_snmp_ipAddressStorageType_ipv6
Arlo+,daily,Regression,FtOpSoSySnFn020,test_ft_snmp_ipv6_If_Forward_default_HopLimit
Arlo+,daily,Regression,ft_ipv6_ndp_clear_cache,test_ft_ipv6_neighbor_entry
Arlo+,daily,Regression,ft_ipv6_neighbor_static_entry,test_ft_ipv6_neighbor_entry
Arlo+,daily,Regression,ft_ip_static_ip_on_mgmt_intrf,test_ft_ip_static_ip_on_mgmt_intrf
Arlo+,daily,Regression,FtOpSoSySnFn016,test_ft_snmp_ipAddressRowStatus_ipv6
Arlo+,daily,Regression,FtOpSoSySnFn021,test_ft_snmp_ipv6scope_index_table
Arlo+,daily,Regression,ft_bgp_update_delay_timer,TestBGPRif.test_ft_bgp_peer_traffic_check
Arlo+,daily,Regression,FtOpSoSwLagFn005,test_ft_lag_l3_hash_sip_dip_l4port
Arlo+,daily,Regression,FtOpSoSwLagFn010,test_ft_member_state_after_interchanged_the_members_across_portchannels
Arlo+,daily,Regression,FtOpSoSwVlFn010,test_ft_untagged_traffic_on_portchannel
Arlo+,daily,Regression,FtOtSoRtBgpPlFn032,TestBGPVeLag.test_ft_bgp_peer_traffic_check
Arlo+,daily,Regression,FtOtSoRtBgp4Fn070,TestBGPVeLag.test_ft_bgp_peer_traffic_check
Arlo+,daily,Regression,FtOtSoRtBgp4Fn069,TestBGPVeLag.test_ft_bgp_peer_traffic_check
Arlo+,daily,Regression,FtOpSoQosAclFn156,test_ft_acl_ingress_ipv4
Arlo+,daily,Regression,FtOpSoQosAclFn157,test_ft_acl_ingress_ipv4
Arlo+,daily,Regression,ft_acl_v4_rule_update_full,test_ft_acl_loader
Arlo+,daily,Regression,ft_acl_v4_rule_update_incremental,test_ft_acl_loader
Arlo+,daily,Regression,FtOpSoQosAclFn160,test_ft_acl_loader
Arlo+,daily,Regression,FtOpSoQoSCosFn001,test_ft_cos_tc_queue_map
Arlo+,daily,Regression,FtOpSoQsWdFn012,test_ft_wred_functionality
Arlo+,daily,Regression,FtOpSoQosAclFn093,test_ft_acl_ingress_ipv6_l3_forwarding
Arlo+,daily,Regression,FtOpSoQosAclFn096,test_ft_acl_ingress_ipv6_l3_forwarding
Arlo+,daily,Regression,FtOpSoQosAclFn098,test_ft_acl_ingress_ipv6_l3_forwarding
Arlo+,daily,Regression,FtOtSoRtBgpPlFn004,TestBGPRif.test_ft_bgp_v6_dyn_nbr
Arlo+,daily,Regression,FtOtSoRtBgpPlFn006,TestBGPRif.test_ft_bgp_v6_link_local_bgp
Arlo+,daily,Regression,FtOtSoRtBgp4Fn001,TestBGPRif.test_ft_bgp_ipv4_no_route_aggregation_for_exact_prefix_match
Arlo+,daily,Regression,FtOtSoRtBgp4Fn002,TestBGPRif.test_ft_bgp_ipv4_route_aggregation_atomic_aggregate_without_as_set
Arlo+,daily,Regression,FtOtSoRtBgp4Fn019,TestBGPRif.test_ft_bgp_v4_max_dyn_nbr
Arlo+,daily,Regression,FtOtSoRtBgp4Fn049,TestBGPRif.test_ft_bgp_peer_traffic_check
Arlo+,daily,Regression,FtOtSoRtBgp4Fn060,TestBGPRif.test_ft_bgp_v4_dyn_nbr
Arlo+,daily,Regression,FtOtSoRtBgp4Fn063,TestBGPRif.test_ft_bgp_graceful_restart_and_aware_routers
Arlo+,daily,Regression,FtOtSoRtBgp4Fn078,TestBGPRif.test_ft_bgp_rmap
Arlo+,daily,Regression,FtOtSoRtBgp4Fn088,TestBGPRif.test_ft_bgp_rmap_out
Arlo+,daily,Regression,ft_bgp_v6peer_route_redist_static_conn,TestBGPIPvxRouteAdvertisementFilter.test_redistribute_connected_ipv6
Arlo+,daily,Regression,FtOtSoRtBgpPlFn007,TestBGPIPvxRouteAdvertisementFilter.test_filter_list_in_ipv6
Arlo+,daily,Regression,FtOtSoRtBgpPlFn012,TestBGPIPvxRouteAdvertisementFilter.test_distribute_list_in_ipv6
Arlo+,daily,Regression,FtOtSoRtBgpPlFn014,TestBGPIPvxRouteAdvertisementFilter.test_distribute_list_in_ipv6
Arlo+,daily,Regression,FtOtSoRtBgpPlFn016,TestBGPIPvxRouteAdvertisementFilter.test_prefix_list_out_ipv6
Arlo+,daily,Regression,FtOtSoRtBgpPlFn018,TestBGPIPvxRouteAdvertisementFilter.test_filter_list_out_ipv6
Arlo+,daily,Regression,FtOtSoRtBgp4Fn018,TestBGPIPvxRouteAdvertisementFilter.test_distribute_list_in_ipv4
Arlo+,daily,Regression,FtOtSoRtBgp4Fn027,TestBGPIPvxRouteAdvertisementFilter.test_route_map_in_ipv4
Arlo+,daily,Regression,FtOtSoRtBgp4Fn032,TestBGPIPvxRouteAdvertisementFilter.test_default_originate_ipv4
Arlo+,daily,Regression,FtOtSoRtBgp4Fn033,TestBGPIPvxRouteAdvertisementFilter.test_redistribute_static_ipv4
Arlo+,daily,Regression,FtOtSoRtBgp4Fn034,TestBGPIPvxRouteAdvertisementFilter.test_redistribute_connected_ipv4
Arlo+,daily,Regression,FtOtSoRtBgp4Fn036,TestBGPIPvxRouteAdvertisementFilter.test_prefix_list_out_ipv4
Arlo+,daily,Regression,FtOtSoRtBgp4Fn039,TestBGPIPvxRouteAdvertisementFilter.test_filter_list_in_ipv4
Arlo+,daily,Regression,FtOtSoRtBgp4Fn077,TestBGPIPvxRouteAdvertisementFilter.test_filter_list_in_ipv4
Arlo+,long,Regression,ft_bgp_v6peer_asn4_cfg_fast_reboot,test_ft_bgp_fast_reboot
Arlo+,long,Regression,ft_bgp_v6peer_asn4_save_reboot,test_ft_bgp_save_reboot
Arlo+,long,Regression,ft_bgp_v4peer_asn4_cfg_fast_reboot,test_ft_bgp_fast_reboot
Arlo+,long,Regression,ft_bgp_v4peer_asn4_save_reboot,test_ft_bgp_save_reboot
Arlo+,long,Regression,tacacs_save_config,test_ft_security_config_mgmt_verifying_config_with_save_reboot
Arlo+,long,Regression,FtOpSoSyCmFn003,test_ft_system_config_mgmt_verifying_config_with_save_reboot
Arlo+,long,Regression,ft_system_hardreboot_nounwantedlogs,test_ft_sytem_bootup_logging_debug
Arlo+,long,Regression,ft_system_boxservices_clearconfig,test_ft_sys_soft_reboot_multiple_iter
Arlo+,long,Regression,ft_system_repetitive_power_OFF_ON,test_ft_sys_hard_reboot_multiple_iter
Arlo+,long,Regression,ft_system_system_hard_softreboot,test_ft_sys_hard_reboot_multiple_iter
Arlo+,long,Regression,ft_system_savereload,test_ft_sys_soft_reboot_multiple_iter
Arlo+,daily,Regression,FtOtSoRtBgp4Fn025,TestBGPRif.test_ft_bgp_peer_traffic_check
Arlo+,daily,Regression,FtOpSoSyErspanFn015,test_ft_erspan_basic_functionality
Arlo+,daily,Regression,FtOpSoSyErspanFn011,test_ft_erspan_basic_functionality
Arlo+,daily,Regression,FtOpSoSwlldpFn004,test_ft_lldp_non_default_config
Arlo+,daily,Regression,FtOpSoSwlldpFn008,test_ft_lldp_non_default_config
Arlo+,daily,Regression,FtOpSoSwlldpFn009,test_ft_lldp_non_default_config
Arlo+,daily,Regression,FtOpSoSwlldpFn010,test_ft_lldp_non_default_config
Arlo+,daily,Regression,FtOpSoSwlldpFn011,test_ft_lldp_non_default_config
Arlo+,daily,Regression,FtOpSoSyErspanFn019,test_ft_erspan_basic_functionality
Arlo+,daily,Regression,FtOpSoQosAclFn136,test_ft_acl_ingress_ipv4
Arlo+,daily,Regression,ft_bgp_v6_as_path_acl,TestBGPIPvxRouteAdvertisementFilter.test_distribute_list_in_ipv6
Arlo+,daily,Regression,FtOtSoRtBgp4Fn014,TestBGPIPvxRouteAdvertisementFilter.test_bgp_ebgp4_nbr_update_source
Arlo+,daily,Regression,FtOtSoRtBgp4Fn015,TestBGPIPvxRouteAdvertisementFilter.test_bgp_ebgp4_nbr_authentication
Arlo+,daily,Regression,FtOtSoRtBgp4Fn016,TestBGPIPvxRouteAdvertisementFilter.test_bgp_route_map_with_community
Arlo+,daily,Regression,FtOpSoRtIpv4Fn003,test_l3_v4_route_po_1
Arlo+,daily,Regression,FtOpSoRtIpv6Fn003,test_l3_v6_route_po_1
Arlo+,daily,Regression,FtOtSoRtBgpPlFn038,TestBGPIPvxRouteAdvertisementFilter.test_route_map_in_ipv6
Arlo+,daily,Regression,FtOpSoSyErspanFn018,test_ft_erspan_action_ethertype_dscp_tcp_flags_l4range
Arlo+,long,Regression,FtOpSoSyErspanCm001,test_ft_system_config_mgmt_verifying_config_with_save_reboot
Arlo+,long,Regression,FtOpSoSyErspanCm002,test_ft_system_config_mgmt_verifying_config_with_save_reboot
Arlo+,long,Regression,FtOpSoSyErspanCm003,test_ft_system_config_mgmt_verifying_config_with_save_reboot
Arlo+,daily,Regression,FtOpSoQsCoPPFn002,test_ft_copp_bgp
Arlo+,daily,Regression,FtOpSoQsCoPPFn003,test_ft_copp_lldp
Arlo+,daily,Regression,FtOpSoQsCoPPFn005,test_ft_copp_lacp
Arlo+,daily,Regression,FtOpSoQsCoPPFn006,test_ft_copp_dhcp
Arlo+,daily,Regression,FtOpSoQsCoPPFn004,test_copp_ndp
Arlo+,daily,Regression,ft_bgp_outbound_routefilter,TestBGPIPvxRouteAdvertisementFilter.test_prefix_list_out_ipv4
Arlo+,daily,Regression,FtOtSoRtBgpPlFn005,TestBGPIPvxRouteAdvertisementFilter.test_static_blackhole_rt_redistribute_with_routemap_ipv6
Arlo+,long,Regression,ft_bgp_v6peer_asn4_cfg_save_reload,test_ft_bgp_save_reboot
Arlo+,long,Regression,ft_bgp_v4peer_asn4_cfg_save_reload,test_ft_bgp_save_reboot
Arlo+,daily,Regression,FtOtSoRtBgp4Fn008,TestBGP_LINEAR_EBGP_IBGP.test_bgp_linear_ebgp_ibgp_route_advanced
Arlo+,daily,Regression,FtOtSoRtBgp4Fn013,TestBGP_LINEAR_EBGP_IBGP.test_bgp_linear_ebgp_ibgp_route_advanced
Arlo+,daily,Regression,FtOtSoRtBgp4Fn029,TestBGP_LINEAR_EBGP_IBGP.test_bgp_linear_ebgp_ibgp_route_advanced
Arlo+,daily,Regression,FtOtSoRtBgp4Fn076,TestBGP_LINEAR_EBGP_IBGP.test_bgp_linear_ebgp_ibgp_route_advanced
Arlo+,long,Regression,FtOpSoSysFRFn004,test_ft_system_verify_traffic_fast_reboot
Arlo+,daily,Regression,FtOpSoQsCoPPFn001,test_ft_copp_arp
Arlo+,daily,Regression,FtOtSoRtArpFn011,test_ft_lag_l3_hash_sip_dip_l4port
Arlo+,daily,Regression,FtOtSoRtBgp4Fn028,TestBGP_LINEAR_EBGP_IBGP.test_bgp_linear_ebgp_ibgp_route_advanced
Arlo+,daily,Regression,FtOtSoRtBgp4Fn043,TestBGP_LINEAR_EBGP_IBGP.test_bgp_linear_ebgp_ibgp_route_advanced
Arlo+,daily,Regression,FtOtSoRtBgp4Fn074,TestBGP_LINEAR_EBGP_IBGP.test_bgp_linear_ebgp_ibgp_route_advanced
Arlo+,daily,Regression,FtOtSoRtBgp4Fn061,TestBGPRif.test_bgp_route_aggregation_4byteASN
Arlo+,long,Regression,FtOpSoRtStRtFn014,test_ft_arp_static_route_config_mgmt_verifying_config_with_save_reboot
Arlo+,long,Regression,ft_test_arp_after_fast_reboot,test_ft_arp_static_route_config_mgmt_verifying_config_with_save_fast_reboot
Arlo+,long,Regression,FtOpSoRtStRtFn015,test_ft_arp_static_route_config_mgmt_verifying_config_with_save_fast_reboot
Arlo+,daily,Regression,FtOtSoRtBgpPlFn029,TestBGP_LINEAR_EBGP_IBGP.test_bgp_linear_ebgp_ibgp_route_advanced
Arlo+,daily,Regression,FtOtSoRtBgpPlFn013,TestBGP_LINEAR_EBGP_IBGP.test_bgp_linear_ebgp_ibgp_route_advanced
Arlo+,daily,Regression,FtOtSoRtEcmpFn008,test_max_v6_route_with_max_paths
Arlo+,daily,Regression,FtOtSoRtEcmpFn009,test_max_v4_route_with_max_paths
Arlo+,daily,Regression,FtOtSoRtBgpPlFn019,TestBGP_LINEAR_EBGP.test_bgp_sp_three_node_linear_ebgp_med_rmap
Arlo+,daily,Regression,FtOtSoRtBgpPlFn022,TestBGP_STAR_IBGP.test_bgp_sp_star_ibgp_route_reflector_ipv46
Arlo+,daily,Regression,FtOtSoRtBgp4Fn010,TestBGP_LINEAR_EBGP.test_bgp_sp_three_node_linear_ebgp_med_rmap
Arlo+,daily,Regression,FtOtSoRtBgp4Fn047,TestBGP_LINEAR_IBGP.test_bgp_sp_four_node_bgp_cluster_route
Arlo+,daily,Regression,FtOtSoRtBgp4Fn048,TestBGP_STAR_IBGP.test_bgp_sp_star_ibgp_route_reflector_bgp_sess_flap
Arlo+,daily,Regression,FtOtSoRtBgp4Fn082,TestBGP_STAR_IBGP.test_bgp_sp_star_ibgp_route_reflector_ipv46
Arlo+,daily,Regression,FtOtSoRtBgp4Fn083,TestBGP_STAR_IBGP.test_bgp_sp_star_ibgp_route_reflector_bgp_clear
Arlo+,daily,Regression,FtOpSoSySnFn014,test_ft_snmp_ipcidr_route_table
Arlo+,daily,Regression,ft_bgp_v4peer_confed_route_maps,TestBGPRif.test_ft_bgp_ebgp_confed
Arlo+,daily,Regression,FtOtSoRtBgpPlFn002,TestBGPIPvxRouteAdvertisementFilter.test_route_aggregate_ipv6
Arlo+,daily,Regression,FtOtSoRtBgpPlFn023,TestBGP_LINEAR_IBGP.test_bgp_sp_four_node_bgp_cluster_route
Arlo+,daily,Regression,ft_bgp_confedv6_config_adv,TestBGPConfed.test_ipv6_confed_route_distribution
Arlo+,daily,Regression,ft_bgp_confedv6_route_maps_filter,TestBGPConfed.test_confed_route_distribution_with_rmap
Arlo+,daily,Regression,ft_bgp_confedv6_route_reflector,TestBGPConfed.test_ipv6_confed_with_rr
Arlo+,daily,Regression,FtOtSoRtBgpPlFn001,TestBGPRif.test_ft_bgp_ipv6_route_aggregation_with_as_set
Arlo+,daily,Regression,FtOtSoRtBgpPlFn028,TestBGPIPvxRouteAdvertisementFilter.test_bgp_ebgp6_traffic
Arlo+,daily,Regression,FtOtSoRtBgp4Fn057,test_ft_bgp_ebgp_multihop_4byteASN
Arlo+,daily,Regression,FtOtSoRtBgpPlFn025,TestBGPRrTraffic.test_ft_bgp6_rr_traffic_check
Buzznik,buzznik,Regression,FtOpSoSwLagFn045,test_ft_portchannel_interface_after_save_reload
Buzznik,buzznik,Regression,ipv4_intf_order,test_ft_verify_interfaces_order
Buzznik,buzznik,Regression,ipv6_intf_order,test_ft_verify_interfaces_order
Buzznik,buzznik,Regression,FtOpSoSysFRFn009,test_ft_system_verify_traffic_during_fast_reboot
Buzznik,buzznik,Regression,FtOpSoSysFRFn010,test_ft_system_verify_traffic_through_port_channel_during_fast_reboot
Buzznik,buzznik,Regression,FtOpSoSysPoFn010,test_ft_ovr_counters
Arlo+,daily,Regression,ft_verify_acl_conf_rest,test_acl_rest
Arlo+,daily,Regression,ft_eg_acl_conf_rest,test_acl_rest
Arlo+,daily,Regression,ft_verify_acl_conf_gNMI,test_ft_acl_gnmi
Arlo+,daily,Regression,ft_port_frame_fwd_diff_mtu_klish,test_ft_port_frame_fwd_diff_mtu_klish
Arlo+,daily,Regression,ft_port_mtu_change_verify_klish,test_ft_port_frame_fwd_diff_mtu_klish
Arlo+,daily,Regression,ft_specific_port_shutdown_klish,test_ft_port_frame_fwd_diff_mtu_klish
Arlo+,daily,Regression,ft_port_traffic_fn_klish,test_ft_port_frame_fwd_diff_mtu_klish
Arlo+,daily,Regression,ft_port_config_mtu_klish,test_ft_port_frame_fwd_diff_mtu_klish
Arlo+,daily,Regression,ft_port_check_klish,test_ft_port_frame_fwd_diff_mtu_klish
Arlo+,daily,Regression,FtOpSoSyInIpFn002_klish,test_ft_port_fn_verify_shut_noshut_klish
Arlo+,daily,Regression,ft_add_unknownvlan_interface_klish,test_ft_add_unknownvlan_interface_klish
Arlo+,daily,Regression,ft_vlan_delete_with_member_klish,test_ft_vlan_delete_with_member_klish
Arlo+,daily,Regression,ft_show_vlan_brief_klish,test_ft_vlan_trunk_tagged_klish
Arlo+,daily,Regression,ft_vlan_trunk_tagged_klish,test_ft_vlan_trunk_tagged_klish
Arlo+,daily,Regression,ft_lag_member_remove_add_klish,test_ft_portchannel_behavior_with_tagged_traffic_klish
Arlo+,daily,Regression,ft_lag_withone_member_klish,test_ft_portchannel_behavior_with_tagged_traffic_klish
Arlo+,daily,Regression,ft_portchannel_del_members_klish,test_ft_portchannel_behavior_with_tagged_traffic_klish
Arlo+,daily,Regression,portchannel_status_when_all_members_are_shutdown_klish,test_ft_portchannel_behavior_with_tagged_traffic_klish
Arlo+,daily,Regression,shutdown_on_portchannel_member_klish,test_ft_portchannel_behavior_with_tagged_traffic_klish
Arlo+,daily,Regression,FtOpSoSwVlFn010_klish,test_ft_untagged_traffic_on_portchannel_klish
Arlo+,daily,Regression,FtOpSoSwLagFn010_klish,test_ft_member_state_after_interchanged_the_members_across_portchannels_klish
Arlo+,daily,Regression,fallback_mode_on_portchannel_klish,test_ft_portchannel_fallback_traffic_klish
Arlo+,daily,Regression,traffic_on_portchannel_up_with_fallback_klish,test_ft_portchannel_fallback_traffic_klish
Arlo+,daily,Regression,po_ft_lag_down_when_not_created_in_another_DUT_klish,test_ft_portchannel_fallback_traffic_klish
Arlo+,daily,Regression,ft_bgp_sonic_config_commands_set_2_test_v4,test_ft_bgp_ipv4_klish
Arlo+,daily,Regression,ft_bgp_sonic_config_commands_set_2_test_v6,test_ft_bgp_ipv6_klish
Arlo+,daily,Regression,FtOpSoRtPerfFn053,test_ft_l3_performance_enhancements_v4_route_intstall_withdraw
Arlo+,daily,Regression,FtOpSoRtPerfFn052,test_ft_l3_performance_enhancements_v4_route_intstall_withdraw
Arlo+,daily,Regression,FtOpSoRtPerfFn054,test_cli_validation_ip_address
Arlo+,daily,Regression,FtOpSoRtPerfFn055,test_cli_validation_ip_address
Arlo+,daily,Regression,FtOpSoRtPerfFn056,test_cli_validation_bgp_router_config
Arlo+,daily,Regression,FtOpSoRtPerfFn057,test_cli_validation_bgp_router_config
Arlo+,daily,Regression,ft_lag_l3_hash_sip_dip_l4port_klish,test_ft_lag_l3_hash_sip_dip_l4port_klish
Arlo+,daily,Regression,FtOpSoSwLagFn005_klish,test_ft_lag_l3_hash_sip_dip_l4port_klish
Arlo+,daily,Regression,FtOtSoRtArpFn011_klish,test_ft_lag_l3_hash_sip_dip_l4port_klish
